"Dataset","Degrees of freedom based on obs","Degrees of freedom based on outcomes","AUC on training","AUC on test","Estimate AUC","Difference in AUC between training and test","% difference between AUC on training and test","# of times treatment variable retained","# of times treatment variable significant","Mean OR for treatment variable"
1,5,0.628810115150147,0.776922085039167,0.69141983105944,0.70644376899696,0.0855022539797266,0.110052546614653,50,9,0.989164607135217
1,10,1.25762023030029,0.743636599589589,0.699537847967454,0.7017503031097,0.0440987516221352,0.0593014809202145,50,15,0.983509435065353
1,15,1.88643034545044,0.731765827338129,0.701694644013931,0.70251654676259,0.0300711833241983,0.041093997834779,50,19,0.978532536213249
1,20,2.51524046060059,0.723980790336957,0.705246195624328,0.700636301230925,0.0187345947126298,0.0258771986255469,50,16,0.977669953562621
1,25,3.14405057575073,0.72465785595695,0.703764526871842,0.703484818716125,0.0208933290851077,0.0288319914196154,50,25,0.972404151001024
1,30,3.77286069090088,0.724130539568345,0.703264039569772,0.705358633093525,0.0208664999985733,0.0288159369870131,50,28,0.966634538453861
1,35,4.40167080605103,0.723543035534946,0.704859565447801,0.705557573252229,0.0186834700871449,0.0258221960126137,50,37,0.955221269690268
1,40,5.03048092120117,0.7226085328148,0.694444444444444,0.706255555372287,0.028164088370356,0.0389755823400639,50,49,0.955384760343061
